TOKEN	NE-COARSE-LIT	NE-COARSE-METO	NE-FINE-LIT	NE-FINE-METO	NE-FINE-COMP	NE-NESTED	NEL-LIT	NEL-METO	MISC
# hipe2022:original_source = data/preparation/corpus/en/retokenized/cu31924087948174_0054.xmi
# hipe2022:license = CC-BY
# hipe2022:language = en
# hipe2022:document_type = commentary
# hipe2022:document_id = cu31924087948174_0054
# hipe2022:date = 1881-01-01
# hipe2022:dataset = ajmc
# hipe2022:applicable_columns = TOKEN NE-COARSE-LIT NE-FINE-LIT NE-NESTED NEL-LIT MISC
# ajmc:version = v0.2
# ajmc:title = Sophocles
# ajmc:publication_place = Oxford
# ajmc:publication_date = 1881
# ajmc:page = 54
# ajmc:author = Campbell, Lewis
128	O	_	O	_	_	O	_	_	NoSpaceAfter
.	O	_	O	_	_	O	_	_	_
adrés	O	_	O	_	_	O	_	_	NoSpaceAfter
]	O	_	O	_	_	O	_	_	_
Odysseus	B-pers	_	B-pers.myth	_	_	O	Q47231	_	LED0.00
is	O	_	O	_	_	O	_	_	_
warmed	O	_	O	_	_	O	_	_	_
not	O	_	O	_	_	O	_	_	_
to	O	_	O	_	_	O	_	_	_
do	O	_	O	_	_	O	_	_	_
as	O	_	O	_	_	O	_	_	_
Ajax	B-pers	_	B-pers.myth	_	_	O	Q172725	_	LED0.00
had	O	_	O	_	_	O	_	_	_
done	O	_	O	_	_	O	_	_	NoSpaceAfter
.	O	_	O	_	_	O	_	_	_
Cp	O	_	O	_	_	O	_	_	NoSpaceAfter
.	O	_	O	_	_	O	_	_	_
infr	O	_	O	_	_	O	_	_	NoSpaceAfter
.	O	_	O	_	_	O	_	_	_
773	B-scope	_	B-scope	_	_	O	_	_	InPrimaryReference|NoSpaceAfter|LED0.00
.	O	_	O	_	_	O	_	_	EndOfSentence
Hence	O	_	O	_	_	O	_	_	_
the	O	_	O	_	_	O	_	_	_
emphatic	O	_	O	_	_	O	_	_	_
pronoun	O	_	O	_	_	O	_	_	NoSpaceAfter
.	O	_	O	_	_	O	_	_	EndOfSentence
129	O	_	O	_	_	O	_	_	NoSpaceAfter
.	O	_	O	_	_	O	_	_	_
μηδ᾽	O	_	O	_	_	O	_	_	_
ὄγκον	O	_	O	_	_	O	_	_	_
ἄρῃ	O	_	O	_	_	O	_	_	_
μηδέν	O	_	O	_	_	O	_	_	_
‘Nor	O	_	O	_	_	O	_	_	_
take	O	_	O	_	_	O	_	_	_
on	O	_	O	_	_	O	_	_	_
thee	O	_	O	_	_	O	_	_	_
«ἸΟῪ	O	_	O	_	_	O	_	_	_
mien	O	_	O	_	_	O	_	_	NoSpaceAfter
.	O	_	O	_	_	O	_	_	EndOfSentence|NoSpaceAfter
The	O	_	O	_	_	O	_	_	_
middle	O	_	O	_	_	O	_	_	_
voice	O	_	O	_	_	O	_	_	_
(	O	_	O	_	_	O	_	_	NoSpaceAfter
see	O	_	O	_	_	O	_	_	_
above	O	_	O	_	_	O	_	_	NoSpaceAfter
,	O	_	O	_	_	O	_	_	_
1	B-scope	_	B-scope	_	_	O	_	_	InPrimaryReference|NoSpaceAfter|LED0.00
.	I-scope	_	I-scope	_	_	O	_	_	InPrimaryReference|LED0.00
75	I-scope	_	I-scope	_	_	O	_	_	InPrimaryReference|NoSpaceAfter|LED0.00
)	O	_	O	_	_	O	_	_	_
is	O	_	O	_	_	O	_	_	_
here	O	_	O	_	_	O	_	_	_
more	O	_	O	_	_	O	_	_	_
appropriate	O	_	O	_	_	O	_	_	NoSpaceAfter
,	O	_	O	_	_	O	_	_	_
Cp	O	_	O	_	_	O	_	_	NoSpaceAfter
.	O	_	O	_	_	O	_	_	_
the	O	_	O	_	_	O	_	_	_
expression	O	_	O	_	_	O	_	_	_
ὄγκον	O	_	O	_	_	O	_	_	_
περιθείναί	O	_	O	_	_	O	_	_	_
τινι	O	_	O	_	_	O	_	_	NoSpaceAfter
,	O	_	O	_	_	O	_	_	_
Plut	B-pers	_	B-pers.author	_	_	O	Q41523	_	InPrimaryReference|NoSpaceAfter|LED0.00
.	I-pers	_	I-pers.author	_	_	O	Q41523	_	InPrimaryReference|LED0.00
Pericl	B-work	_	B-work.primlit	_	_	O	Q87208371	_	InPrimaryReference|NoSpaceAfter|LED0.00
.	I-work	_	I-work.primlit	_	_	O	Q87208371	_	InPrimaryReference|LED0.00
4	B-scope	_	B-scope	_	_	O	_	_	InPrimaryReference|NoSpaceAfter|LED0.00
.	O	_	O	_	_	O	_	_	EndOfSentence
130	O	_	O	_	_	O	_	_	NoSpaceAfter
.	O	_	O	_	_	O	_	_	_
χειρί	O	_	O	_	_	O	_	_	NoSpaceAfter
]	O	_	O	_	_	O	_	_	_
‘In	O	_	O	_	_	O	_	_	_
might	O	_	O	_	_	O	_	_	NoSpaceAfter
’	O	_	O	_	_	O	_	_	_
μακροῦ	O	_	O	_	_	O	_	_	_
πλούτου	O	_	O	_	_	O	_	_	_
βάθει	O	_	O	_	_	O	_	_	NoSpaceAfter
]	O	_	O	_	_	O	_	_	_
The	O	_	O	_	_	O	_	_	_
ν	O	_	O	_	_	O	_	_	NoSpaceAfter
.	O	_	O	_	_	O	_	_	_
τ	O	_	O	_	_	O	_	_	NoSpaceAfter
.	O	_	O	_	_	O	_	_	_
βάρει	O	_	O	_	_	O	_	_	_
may	O	_	O	_	_	O	_	_	_
be	O	_	O	_	_	O	_	_	_
supported	O	_	O	_	_	O	_	_	_
from	O	_	O	_	_	O	_	_	_
Eur	B-pers	_	B-pers.author	_	_	O	Q48305	_	InPrimaryReference|NoSpaceAfter|LED0.00
.	I-pers	_	I-pers.author	_	_	O	Q48305	_	InPrimaryReference|LED0.00
ΕἸ	B-work	_	B-work.primlit	_	_	O	Q540161	_	InPrimaryReference|NoSpaceAfter|LED1.00
,	I-work	_	I-work.primlit	_	_	O	Q540161	_	InPrimaryReference|LED1.00
128%	B-scope	_	B-scope	_	_	O	_	_	InPrimaryReference|NoSpaceAfter|LED0.25
,	O	_	O	_	_	O	_	_	_
δότω	O	_	O	_	_	O	_	_	_
πλούτου	O	_	O	_	_	O	_	_	_
βάρος	O	_	O	_	_	O	_	_	NoSpaceAfter
,	O	_	O	_	_	O	_	_	_
but	O	_	O	_	_	O	_	_	_
is	O	_	O	_	_	O	_	_	_
less	O	_	O	_	_	O	_	_	_
likely	O	_	O	_	_	O	_	_	_
with	O	_	O	_	_	O	_	_	_
Bpife	O	_	O	_	_	O	_	_	NoSpaceAfter
:	O	_	O	_	_	O	_	_	NoSpaceAfter
s	O	_	O	_	_	O	_	_	_
preceding	O	_	O	_	_	O	_	_	_
than	O	_	O	_	_	O	_	_	_
βάθει	O	_	O	_	_	O	_	_	NoSpaceAfter
,	O	_	O	_	_	O	_	_	_
for	O	_	O	_	_	O	_	_	_
which	O	_	O	_	_	O	_	_	NoSpaceAfter
,	O	_	O	_	_	O	_	_	_
cp	O	_	O	_	_	O	_	_	NoSpaceAfter
.	O	_	O	_	_	O	_	_	_
βαθύπλουτοΞ	O	_	O	_	_	O	_	_	NoSpaceAfter
.	O	_	O	_	_	O	_	_	EndOfSentence
μακρός	O	_	O	_	_	O	_	_	_
in	O	_	O	_	_	O	_	_	_
poetry	O	_	O	_	_	O	_	_	_
is	O	_	O	_	_	O	_	_	_
often	O	_	O	_	_	O	_	_	_
equivalent	O	_	O	_	_	O	_	_	_
to	O	_	O	_	_	O	_	_	_
μέγας	O	_	O	_	_	O	_	_	NoSpaceAfter
.	O	_	O	_	_	O	_	_	EndOfSentence
L	B-pers	_	B-pers.author	_	_	O	_	_	InSecondaryReference|NoSpaceAfter|LED0.00
.	I-pers	_	I-pers.author	_	_	O	_	_	InSecondaryReference|LED0.00
and	O	_	O	_	_	O	_	_	InSecondaryReference
S	B-pers	_	B-pers.author	_	_	O	_	_	InSecondaryReference|NoSpaceAfter|LED0.00
.	I-pers	_	I-pers.author	_	_	O	_	_	InSecondaryReference|LED0.00
5	B-scope	_	B-scope	_	_	O	_	_	InSecondaryReference|NoSpaceAfter|LED0.10
.	I-scope	_	I-scope	_	_	O	_	_	InSecondaryReference|LED0.10
v	I-scope	_	I-scope	_	_	O	_	_	InSecondaryReference|NoSpaceAfter|LED0.10
.	I-scope	_	I-scope	_	_	O	_	_	InSecondaryReference|LED0.10
1	I-scope	_	I-scope	_	_	O	_	_	InSecondaryReference|NoSpaceAfter|LED0.10
.	I-scope	_	I-scope	_	_	O	_	_	InSecondaryReference|LED0.10
4	I-scope	_	I-scope	_	_	O	_	_	InSecondaryReference|NoSpaceAfter|LED0.10
.	O	_	O	_	_	O	_	_	_
Some	O	_	O	_	_	O	_	_	_
new	O	_	O	_	_	O	_	_	_
verb	O	_	O	_	_	O	_	_	NoSpaceAfter
,	O	_	O	_	_	O	_	_	_
such	O	_	O	_	_	O	_	_	_
as	O	_	O	_	_	O	_	_	_
mAnfbes	O	_	O	_	_	O	_	_	NoSpaceAfter
,	O	_	O	_	_	O	_	_	_
is	O	_	O	_	_	O	_	_	_
to	O	_	O	_	_	O	_	_	_
be	O	_	O	_	_	O	_	_	_
supplied	O	_	O	_	_	O	_	_	_
with	O	_	O	_	_	O	_	_	_
βάθει	O	_	O	_	_	O	_	_	NoSpaceAfter
.	O	_	O	_	_	O	_	_	EndOfSentence
131	O	_	O	_	_	O	_	_	NoSpaceAfter
.	O	_	O	_	_	O	_	_	_
ἡμέρα	O	_	O	_	_	O	_	_	NoSpaceAfter
]	O	_	O	_	_	O	_	_	_
“	O	_	O	_	_	O	_	_	_
Τίπιε	O	_	O	_	_	O	_	_	_
in	O	_	O	_	_	O	_	_	_
its	O	_	O	_	_	O	_	_	_
course	O	_	O	_	_	O	_	_	NoSpaceAfter
,	O	_	O	_	_	O	_	_	NoSpaceAfter
’	O	_	O	_	_	O	_	_	_
i	O	_	O	_	_	O	_	_	NoSpaceAfter
.	O	_	O	_	_	O	_	_	NoSpaceAfter
e	O	_	O	_	_	O	_	_	NoSpaceAfter
.	O	_	O	_	_	O	_	_	_
ἡ	O	_	O	_	_	O	_	_	_
ἀεὶ	O	_	O	_	_	O	_	_	_
οὖσα	O	_	O	_	_	O	_	_	_
ἡμέρα	O	_	O	_	_	O	_	_	NoSpaceAfter
.	O	_	O	_	_	O	_	_	EndOfSentence
For	O	_	O	_	_	O	_	_	_
this	O	_	O	_	_	O	_	_	_
generalized	O	_	O	_	_	O	_	_	_
use	O	_	O	_	_	O	_	_	NoSpaceAfter
,	O	_	O	_	_	O	_	_	_
cp	O	_	O	_	_	O	_	_	NoSpaceAfter
.	O	_	O	_	_	O	_	_	_
especially	O	_	O	_	_	O	_	_	_
infr	O	_	O	_	_	O	_	_	NoSpaceAfter
.	O	_	O	_	_	O	_	_	_
62	O	_	O	_	_	O	_	_	NoSpaceAfter
.	O	_	O	_	_	O	_	_	NoSpaceAfter
,	O	_	O	_	_	O	_	_	_
παλαίᾳ	O	_	O	_	_	O	_	_	NoSpaceAfter
.	O	_	O	_	_	O	_	_	NoSpaceAfter
.	O	_	O	_	_	O	_	_	NoSpaceAfter
.	O	_	O	_	_	O	_	_	_
ἔντροφος	O	_	O	_	_	O	_	_	_
ἁμέρᾳ	O	_	O	_	_	O	_	_	NoSpaceAfter
:	O	_	O	_	_	O	_	_	_
O	B-work	_	B-work.primlit	_	_	O	Q294001	_	InPrimaryReference|NoSpaceAfter|LED0.00
.	I-work	_	I-work.primlit	_	_	O	Q294001	_	InPrimaryReference|LED0.00
C	I-work	_	I-work.primlit	_	_	O	Q294001	_	InPrimaryReference|NoSpaceAfter|LED0.00
.	I-work	_	I-work.primlit	_	_	O	Q294001	_	InPrimaryReference|LED0.00
1138	B-scope	_	B-scope	_	_	O	_	_	InPrimaryReference|NoSpaceAfter|LED0.00
,	O	_	O	_	_	O	_	_	_
és	O	_	O	_	_	O	_	_	_
τόδ᾽	O	_	O	_	_	O	_	_	_
Huépas	O	_	O	_	_	O	_	_	NoSpaceAfter
.	O	_	O	_	_	O	_	_	EndOfSentence
For	O	_	O	_	_	O	_	_	_
the	O	_	O	_	_	O	_	_	_
sentiment	O	_	O	_	_	O	_	_	NoSpaceAfter
,	O	_	O	_	_	O	_	_	_
cp	O	_	O	_	_	O	_	_	NoSpaceAfter
.	O	_	O	_	_	O	_	_	_
Ant	B-work	_	B-work.primlit	_	_	O	Q241077	_	InPrimaryReference|NoSpaceAfter|LED0.00
.	I-work	_	I-work.primlit	_	_	O	Q241077	_	InPrimaryReference|LED0.00
1158	B-scope	_	B-scope	_	_	O	_	_	InPrimaryReference|NoSpaceAfter|LED0.00
-	I-scope	_	I-scope	_	_	O	_	_	InPrimaryReference|NoSpaceAfter|LED0.00
60	I-scope	_	I-scope	_	_	O	_	_	InPrimaryReference|NoSpaceAfter|LED0.00
,	O	_	O	_	_	O	_	_	_
τύχη	O	_	O	_	_	O	_	_	_
γὰρ	O	_	O	_	_	O	_	_	_
ὀρθοῖ	O	_	O	_	_	O	_	_	_
καὶ	O	_	O	_	_	O	_	_	_
τύχη	O	_	O	_	_	O	_	_	_
καταρρέπει	O	_	O	_	_	O	_	_	NoSpaceAfter
]	O	_	O	_	_	O	_	_	_
τὸν	O	_	O	_	_	O	_	_	_
εὐτυχοῦντα	O	_	O	_	_	O	_	_	_
τόν	O	_	O	_	_	O	_	_	_
τε	O	_	O	_	_	O	_	_	_
δυστυχοῦντ᾽	O	_	O	_	_	O	_	_	NoSpaceAfter
ἀεί	O	_	O	_	_	O	_	_	NoSpaceAfter
'	O	_	O	_	_	O	_	_	_
|	O	_	O	_	_	O	_	_	_
καὶ	O	_	O	_	_	O	_	_	_
μάντι	O	_	O	_	_	O	_	_	_
οὐδεὶς	O	_	O	_	_	O	_	_	_
τῶν	O	_	O	_	_	O	_	_	_
καθεστώτων	O	_	O	_	_	O	_	_	_
βροτοῖς	O	_	O	_	_	O	_	_	NoSpaceAfter
.	O	_	O	_	_	O	_	_	EndOfSentence
But	O	_	O	_	_	O	_	_	_
the	O	_	O	_	_	O	_	_	_
point	O	_	O	_	_	O	_	_	_
here	O	_	O	_	_	O	_	_	_
lies	O	_	O	_	_	O	_	_	_
in	O	_	O	_	_	O	_	_	_
the	O	_	O	_	_	O	_	_	_
combination	O	_	O	_	_	O	_	_	_
of	O	_	O	_	_	O	_	_	_
the	O	_	O	_	_	O	_	_	_
two	O	_	O	_	_	O	_	_	_
γνῶμαι	O	_	O	_	_	O	_	_	NoSpaceAfter
.	O	_	O	_	_	O	_	_	EndOfSentence
The	O	_	O	_	_	O	_	_	_
two	O	_	O	_	_	O	_	_	_
considerations	O	_	O	_	_	O	_	_	_
are	O	_	O	_	_	O	_	_	_
urged	O	_	O	_	_	O	_	_	_
side	O	_	O	_	_	O	_	_	_
by	O	_	O	_	_	O	_	_	_
side	O	_	O	_	_	O	_	_	NoSpaceAfter
,	O	_	O	_	_	O	_	_	_
that	O	_	O	_	_	O	_	_	_
Fortune	B-pers	_	B-pers.myth	_	_	O	Q4654	_	LED0.00
is	O	_	O	_	_	O	_	_	_
unstable	O	_	O	_	_	O	_	_	NoSpaceAfter
,	O	_	O	_	_	O	_	_	_
and	O	_	O	_	_	O	_	_	_
that	O	_	O	_	_	O	_	_	_
God	O	_	O	_	_	O	_	_	_
cares	O	_	O	_	_	O	_	_	_
for	O	_	O	_	_	O	_	_	_
the	O	_	O	_	_	O	_	_	_
righteous	O	_	O	_	_	O	_	_	NoSpaceAfter
.	O	_	O	_	_	O	_	_	EndOfSentence
Therefore	O	_	O	_	_	O	_	_	NoSpaceAfter
,	O	_	O	_	_	O	_	_	_
do	O	_	O	_	_	O	_	_	_
not	O	_	O	_	_	O	_	_	_
trust	O	_	O	_	_	O	_	_	_
to	O	_	O	_	_	O	_	_	_
fortune	O	_	O	_	_	O	_	_	NoSpaceAfter
,	O	_	O	_	_	O	_	_	_
but	O	_	O	_	_	O	_	_	_
be	O	_	O	_	_	O	_	_	_
righteous	O	_	O	_	_	O	_	_	NoSpaceAfter
.	O	_	O	_	_	O	_	_	EndOfSentence
131	O	_	O	_	_	O	_	_	NoSpaceAfter
,	O	_	O	_	_	O	_	_	_
2	O	_	O	_	_	O	_	_	NoSpaceAfter
.	O	_	O	_	_	O	_	_	_
‘Time	O	_	O	_	_	O	_	_	_
makes	O	_	O	_	_	O	_	_	_
all	O	_	O	_	_	O	_	_	_
human	O	_	O	_	_	O	_	_	_
things	O	_	O	_	_	O	_	_	_
to	O	_	O	_	_	O	_	_	_
set	O	_	O	_	_	O	_	_	_
and	O	_	O	_	_	O	_	_	_
rise	O	_	O	_	_	O	_	_	_
again	O	_	O	_	_	O	_	_	NoSpaceAfter
,	O	_	O	_	_	O	_	_	_
but	O	_	O	_	_	O	_	_	_
the	O	_	O	_	_	O	_	_	_
gods	O	_	O	_	_	O	_	_	_
love	O	_	O	_	_	O	_	_	_
the	O	_	O	_	_	O	_	_	_
righteous	O	_	O	_	_	O	_	_	NoSpaceAfter
,	O	_	O	_	_	O	_	_	_
while	O	_	O	_	_	O	_	_	_
they	O	_	O	_	_	O	_	_	_
abhor	O	_	O	_	_	O	_	_	_
the	O	_	O	_	_	O	_	_	_
wicked	O	_	O	_	_	O	_	_	NoSpaceAfter
.	O	_	O	_	_	O	_	_	EndOfSentence
132	O	_	O	_	_	O	_	_	NoSpaceAfter
,	O	_	O	_	_	O	_	_	_
3	O	_	O	_	_	O	_	_	NoSpaceAfter
.	O	_	O	_	_	O	_	_	_
σώφρονας	O	_	O	_	_	O	_	_	_
.	O	_	O	_	_	O	_	_	NoSpaceAfter
.	O	_	O	_	_	O	_	_	_
κακούς	O	_	O	_	_	O	_	_	NoSpaceAfter
]	O	_	O	_	_	O	_	_	_
For	O	_	O	_	_	O	_	_	_
the	O	_	O	_	_	O	_	_	_
inexact	O	_	O	_	_	O	_	_	_
antithesis	O	_	O	_	_	O	_	_	_
of	O	_	O	_	_	O	_	_	_
the	O	_	O	_	_	O	_	_	_
general	O	_	O	_	_	O	_	_	_
to	O	_	O	_	_	O	_	_	_
the	O	_	O	_	_	O	_	_	_
specific	O	_	O	_	_	O	_	_	_
word	O	_	O	_	_	O	_	_	NoSpaceAfter
,	O	_	O	_	_	O	_	_	_
see	O	_	O	_	_	O	_	_	_
Essay	B-work	_	B-work.seclit	_	_	O	_	_	InSecondaryReference|LED0.00
on	I-work	_	I-work.seclit	_	_	O	_	_	InSecondaryReference|LED0.00
L	I-work	_	I-work.seclit	_	_	O	_	_	InSecondaryReference|NoSpaceAfter|LED0.00
.	I-work	_	I-work.seclit	_	_	O	_	_	InSecondaryReference|LED0.00
§	B-scope	_	B-scope	_	_	O	_	_	InSecondaryReference|LED0.00
51	I-scope	_	I-scope	_	_	O	_	_	InSecondaryReference|NoSpaceAfter|LED0.00
.	I-scope	_	I-scope	_	_	O	_	_	InSecondaryReference|NoSpaceAfter|LED0.00
p	I-scope	_	I-scope	_	_	O	_	_	InSecondaryReference|NoSpaceAfter|LED0.00
.	I-scope	_	I-scope	_	_	O	_	_	InSecondaryReference|NoSpaceAfter|LED0.00
97	I-scope	_	I-scope	_	_	O	_	_	InSecondaryReference|NoSpaceAfter|LED0.00
.	O	_	O	_	_	O	_	_	EndOfSentence
134	O	_	O	_	_	O	_	_	NoSpaceAfter
-	O	_	O	_	_	O	_	_	NoSpaceAfter
200	O	_	O	_	_	O	_	_	NoSpaceAfter
.	O	_	O	_	_	O	_	_	_
The	O	_	O	_	_	O	_	_	_
first	O	_	O	_	_	O	_	_	_
part	O	_	O	_	_	O	_	_	_
of	O	_	O	_	_	O	_	_	_
the	O	_	O	_	_	O	_	_	_
parodos	O	_	O	_	_	O	_	_	NoSpaceAfter
consists	O	_	O	_	_	O	_	_	_
of	O	_	O	_	_	O	_	_	_
six	O	_	O	_	_	O	_	_	_
anapaestic	O	_	O	_	_	O	_	_	_
systems	O	_	O	_	_	O	_	_	_
(	O	_	O	_	_	O	_	_	NoSpaceAfter
1	B-scope	_	B-scope	_	_	O	_	_	InPrimaryReference|NoSpaceAfter|LED0.20
.	I-scope	_	I-scope	_	_	O	_	_	InPrimaryReference|LED0.20
134	I-scope	_	I-scope	_	_	O	_	_	InPrimaryReference|NoSpaceAfter|LED0.20
-	I-scope	_	I-scope	_	_	O	_	_	InPrimaryReference|NoSpaceAfter|LED0.20
171	I-scope	_	I-scope	_	_	O	_	_	InPrimaryReference|NoSpaceAfter|LED0.20
)	O	_	O	_	_	O	_	_	NoSpaceAfter
,	O	_	O	_	_	O	_	_	_
during	O	_	O	_	_	O	_	_	_
the	O	_	O	_	_	O	_	_	_
recitation	O	_	O	_	_	O	_	_	_
of	O	_	O	_	_	O	_	_	_
which	O	_	O	_	_	O	_	_	_
the	O	_	O	_	_	O	_	_	_
Chorus	O	_	O	_	_	O	_	_	_
pace	O	_	O	_	_	O	_	_	_
to	O	_	O	_	_	O	_	_	_
and	O	_	O	_	_	O	_	_	_
fro	O	_	O	_	_	O	_	_	_
in	O	_	O	_	_	O	_	_	_
the	O	_	O	_	_	O	_	_	_
orchestra	O	_	O	_	_	O	_	_	NoSpaceAfter
,	O	_	O	_	_	O	_	_	_
before	O	_	O	_	_	O	_	_	_
the	O	_	O	_	_	O	_	_	_
tent	O	_	O	_	_	O	_	_	_
of	O	_	O	_	_	O	_	_	_
Ajax	B-pers	_	B-pers.myth	_	_	O	Q172725	_	NoSpaceAfter|LED0.00
.	O	_	O	_	_	O	_	_	EndOfSentence
This	O	_	O	_	_	O	_	_	_
long	O	_	O	_	_	O	_	_	NoSpaceAfter
-	O	_	O	_	_	O	_	_	NoSpaceAfter
continued	O	_	O	_	_	O	_	_	_
movement	O	_	O	_	_	O	_	_	NoSpaceAfter
,	O	_	O	_	_	O	_	_	_
which	O	_	O	_	_	O	_	_	_
betokens	O	_	O	_	_	O	_	_	_
the	O	_	O	_	_	O	_	_	_
restless	O	_	O	_	_	O	_	_	_
anxiety	O	_	O	_	_	O	_	_	_
of	O	_	O	_	_	O	_	_	_
the	O	_	O	_	_	O	_	_	_
mariners	O	_	O	_	_	O	_	_	_
for	O	_	O	_	_	O	_	_	_
their	O	_	O	_	_	O	_	_	_
prince	O	_	O	_	_	O	_	_	NoSpaceAfter
,	O	_	O	_	_	O	_	_	_
also	O	_	O	_	_	O	_	_	_
strikes	O	_	O	_	_	O	_	_	_
a	O	_	O	_	_	O	_	_	_
note	O	_	O	_	_	O	_	_	_
in	O	_	O	_	_	O	_	_	_
harmony	O	_	O	_	_	O	_	_	_
with	O	_	O	_	_	O	_	_	_
the	O	_	O	_	_	O	_	_	_
feelings	O	_	O	_	_	O	_	_	_
of	O	_	O	_	_	O	_	_	_
the	O	_	O	_	_	O	_	_	_
spectator	O	_	O	_	_	O	_	_	NoSpaceAfter
,	O	_	O	_	_	O	_	_	_
to	O	_	O	_	_	O	_	_	_
whom	O	_	O	_	_	O	_	_	_
the	O	_	O	_	_	O	_	_	_
horror	O	_	O	_	_	O	_	_	_
that	O	_	O	_	_	O	_	_	_
is	O	_	O	_	_	O	_	_	_
going	O	_	O	_	_	O	_	_	_
on	O	_	O	_	_	O	_	_	_
within	O	_	O	_	_	O	_	_	_
has	O	_	O	_	_	O	_	_	_
already	O	_	O	_	_	O	_	_	_
been	O	_	O	_	_	O	_	_	_
revealed	O	_	O	_	_	O	_	_	NoSpaceAfter
.	O	_	O	_	_	O	_	_	EndOfSentence
He	O	_	O	_	_	O	_	_	_
knows	O	_	O	_	_	O	_	_	_
that	O	_	O	_	_	O	_	_	_
their	O	_	O	_	_	O	_	_	_
dreadful	O	_	O	_	_	O	_	_	_
apprehensions	O	_	O	_	_	O	_	_	_
are	O	_	O	_	_	O	_	_	_
only	O	_	O	_	_	O	_	_	_
too	O	_	O	_	_	O	_	_	_
true	O	_	O	_	_	O	_	_	NoSpaceAfter
.	O	_	O	_	_	O	_	_	EndOfSentence
It	O	_	O	_	_	O	_	_	_
is	O	_	O	_	_	O	_	_	_
followed	O	_	O	_	_	O	_	_	_
by	O	_	O	_	_	O	_	_	_
a	O	_	O	_	_	O	_	_	_
strophe	O	_	O	_	_	O	_	_	NoSpaceAfter
,	O	_	O	_	_	O	_	_	_
antistrophe,	O	_	O	_	_	O	_	_	NoSpaceAfter
and	O	_	O	_	_	O	_	_	_
epode	O	_	O	_	_	O	_	_	_
(	O	_	O	_	_	O	_	_	NoSpaceAfter
lL	B-scope	_	B-scope	_	_	O	_	_	InPrimaryReference|NoSpaceAfter|LED0.10
.	I-scope	_	I-scope	_	_	O	_	_	InPrimaryReference|LED0.10
172	I-scope	_	I-scope	_	_	O	_	_	InPrimaryReference|NoSpaceAfter|LED0.10
-	I-scope	_	I-scope	_	_	O	_	_	InPrimaryReference|NoSpaceAfter|LED0.10
200	I-scope	_	I-scope	_	_	O	_	_	InPrimaryReference|NoSpaceAfter|LED0.10
)	O	_	O	_	_	O	_	_	NoSpaceAfter
,	O	_	O	_	_	O	_	_	_
which	O	_	O	_	_	O	_	_	_
mark	O	_	O	_	_	O	_	_	_
the	O	_	O	_	_	O	_	_	_
climax	O	_	O	_	_	O	_	_	_
of	O	_	O	_	_	O	_	_	_
their	O	_	O	_	_	O	_	_	_
agitation	O	_	O	_	_	O	_	_	_
before	O	_	O	_	_	O	_	_	NoSpaceAfter
the	O	_	O	_	_	O	_	_	_
entrance	O	_	O	_	_	O	_	_	_
of	O	_	O	_	_	O	_	_	_
Tecmessa	B-pers	_	B-pers.myth	_	_	O	Q10796858	_	NoSpaceAfter|LED0.00
.	O	_	O	_	_	O	_	_	EndOfSentence
134	O	_	O	_	_	O	_	_	NoSpaceAfter
.	O	_	O	_	_	O	_	_	_
Τελαμώνιε	O	_	O	_	_	O	_	_	NoSpaceAfter
]	O	_	O	_	_	O	_	_	_
Cp	O	_	O	_	_	O	_	_	NoSpaceAfter
.	O	_	O	_	_	O	_	_	_
Pind	B-pers	_	B-pers.author	_	_	O	Q134929	_	InPrimaryReference|NoSpaceAfter|LED0.00
.	I-pers	_	I-pers.author	_	_	O	Q134929	_	InPrimaryReference|LED0.00
Pyth	B-work	_	B-work.primlit	_	_	O	Q3411444	_	InPrimaryReference|NoSpaceAfter|LED0.00
.	I-work	_	I-work.primlit	_	_	O	Q3411444	_	InPrimaryReference|LED0.00
2	B-scope	_	B-scope	_	_	O	_	_	InPrimaryReference|NoSpaceAfter|LED0.00
.	O	_	O	_	_	O	_	_	_
35	O	_	O	_	_	O	_	_	NoSpaceAfter
,	O	_	O	_	_	O	_	_	_
ὦ	O	_	O	_	_	O	_	_	_
Δεινομένειε	O	_	O	_	_	O	_	_	_
παῖ	O	_	O	_	_	O	_	_	NoSpaceAfter
.	O	_	O	_	_	O	_	_	EndOfSentence
135	O	_	O	_	_	O	_	_	NoSpaceAfter
.	O	_	O	_	_	O	_	_	_
ἔχων	O	_	O	_	_	O	_	_	NoSpaceAfter
]	O	_	O	_	_	O	_	_	_
‘Lord	O	_	O	_	_	O	_	_	_
οἔ	O	_	O	_	_	O	_	_	NoSpaceAfter
-	O	_	O	_	_	O	_	_	NoSpaceAfter
-	O	_	O	_	_	O	_	_	NoSpaceAfter
.	O	_	O	_	_	O	_	_	NoSpaceAfter
᾿	O	_	O	_	_	O	_	_	_
Cp	O	_	O	_	_	O	_	_	NoSpaceAfter
.	O	_	O	_	_	O	_	_	_
Pind	B-pers	_	B-pers.author	_	_	O	Q134929	_	InPrimaryReference|NoSpaceAfter|LED0.00
.	I-pers	_	I-pers.author	_	_	O	Q134929	_	InPrimaryReference|LED0.00
Nem	B-work	_	B-work.primlit	_	_	O	Q27214182	_	InPrimaryReference|NoSpaceAfter|LED0.00
.	I-work	_	I-work.primlit	_	_	O	Q27214182	_	InPrimaryReference|LED0.00
4	B-scope	_	B-scope	_	_	O	_	_	InPrimaryReference|NoSpaceAfter|LED0.00
.	I-scope	_	I-scope	_	_	O	_	_	InPrimaryReference|LED0.00
78	I-scope	_	I-scope	_	_	O	_	_	InPrimaryReference|NoSpaceAfter|LED0.00
,	O	_	O	_	_	O	_	_	_
Alas	O	_	O	_	_	O	_	_	_
Σαλαμῖν᾽	O	_	O	_	_	O	_	_	_
ἔχει	O	_	O	_	_	O	_	_	_
πατρῴαν	O	_	O	_	_	O	_	_	NoSpaceAfter
.	O	_	O	_	_	O	_	_	EndOfSentence
ἀγχιάλου	O	_	O	_	_	O	_	_	NoSpaceAfter
]	O	_	O	_	_	O	_	_	_
‘Seaward	O	_	O	_	_	O	_	_	NoSpaceAfter
’	O	_	O	_	_	O	_	_	EndOfSentence
The	O	_	O	_	_	O	_	_	_
ancient	O	_	O	_	_	O	_	_	_
town	O	_	O	_	_	O	_	_	_
of	O	_	O	_	_	O	_	_	_
Salamis	B-loc	_	B-loc	_	_	O	Q767089	_	LED0.00
was	O	_	O	_	_	O	_	_	_
on	O	_	O	_	_	O	_	_	_
the	O	_	O	_	_	O	_	_	_
side	O	_	O	_	_	O	_	_	_
of	O	_	O	_	_	O	_	_	_
the	O	_	O	_	_	O	_	_	_
island	O	_	O	_	_	O	_	_	_
towards	O	_	O	_	_	O	_	_	_
the	O	_	O	_	_	O	_	_	_
open	O	_	O	_	_	O	_	_	_
sea	O	_	O	_	_	O	_	_	NoSpaceAfter
,	O	_	O	_	_	O	_	_	_
Strabo	B-pers	_	B-pers.author	_	_	O	Q45936	_	InPrimaryReference|NoSpaceAfter|LED0.00
,	O	_	O	_	_	O	_	_	InPrimaryReference
9	B-scope	_	B-scope	_	_	O	_	_	InPrimaryReference|NoSpaceAfter|LED0.22
,	I-scope	_	I-scope	_	_	O	_	_	InPrimaryReference|LED0.22
p	I-scope	_	I-scope	_	_	O	_	_	InPrimaryReference|NoSpaceAfter|LED0.22
-	I-scope	_	I-scope	_	_	O	_	_	InPrimaryReference|LED0.22
393	I-scope	_	I-scope	_	_	O	_	_	InPrimaryReference|NoSpaceAfter|LED0.22
.	O	_	O	_	_	O	_	_	_
Cp	O	_	O	_	_	O	_	_	NoSpaceAfter
.	O	_	O	_	_	O	_	_	_
Pind	B-pers	_	B-pers.author	_	_	O	Q134929	_	InPrimaryReference|NoSpaceAfter|LED0.69
.	I-pers	_	I-pers.author	_	_	O	Q134929	_	InPrimaryReference|LED0.69
OL	B-work	_	B-work.primlit	_	_	O	Q18146776	_	InPrimaryReference|LED0.67
10	B-scope	_	B-scope	_	_	O	_	_	InPrimaryReference|NoSpaceAfter|LED0.00
.	I-scope	_	I-scope	_	_	O	_	_	InPrimaryReference|LED0.00
99	I-scope	_	I-scope	_	_	O	_	_	InPrimaryReference|NoSpaceAfter|LED0.00
,	O	_	O	_	_	O	_	_	_
εἰναλία	O	_	O	_	_	O	_	_	_
τ᾽	O	_	O	_	_	O	_	_	_
Ἔλευσιθ	O	_	O	_	_	O	_	_	_
:	O	_	O	_	_	O	_	_	_
Aesch	B-pers	_	B-pers.author	_	_	O	Q40939	_	InPrimaryReference|NoSpaceAfter|LED0.00
.	I-pers	_	I-pers.author	_	_	O	Q40939	_	InPrimaryReference|LED0.00
Pers	B-work	_	B-work.primlit	_	_	O	Q788458	_	InPrimaryReference|NoSpaceAfter|LED0.20
,	I-work	_	I-work.primlit	_	_	O	Q788458	_	InPrimaryReference|LED0.20
887	B-scope	_	B-scope	_	_	O	_	_	InPrimaryReference|NoSpaceAfter|LED0.00
.	O	_	O	_	_	O	_	_	EndOfSentence

# hipe2022:original_source = data/preparation/corpus/en/retokenized/cu31924087948174_0028.xmi
# hipe2022:license = CC-BY
# hipe2022:language = en
# hipe2022:document_type = commentary
# hipe2022:document_id = cu31924087948174_0028
# hipe2022:date = 1881-01-01
# hipe2022:dataset = ajmc
# hipe2022:applicable_columns = TOKEN NE-COARSE-LIT NE-FINE-LIT NE-NESTED NEL-LIT MISC
# ajmc:version = v0.2
# ajmc:title = Sophocles
# ajmc:publication_place = Oxford
# ajmc:publication_date = 1881
# ajmc:page = 28
# ajmc:author = Campbell, Lewis
of	O	_	O	_	_	O	_	_	_
this	O	_	O	_	_	O	_	_	_
family	O	_	O	_	_	O	_	_	_
of	O	_	O	_	_	O	_	_	_
MSS	O	_	O	_	_	O	_	_	NoSpaceAfter
.	O	_	O	_	_	O	_	_	_
which	O	_	O	_	_	O	_	_	_
is	O	_	O	_	_	O	_	_	_
thus	O	_	O	_	_	O	_	_	_
shown	O	_	O	_	_	O	_	_	_
to	O	_	O	_	_	O	_	_	_
be	O	_	O	_	_	O	_	_	_
far	O	_	O	_	_	O	_	_	_
less	O	_	O	_	_	O	_	_	_
faulty	O	_	O	_	_	O	_	_	_
and	O	_	O	_	_	O	_	_	_
interpolated	O	_	O	_	_	O	_	_	_
than	O	_	O	_	_	O	_	_	_
has	O	_	O	_	_	O	_	_	_
been	O	_	O	_	_	O	_	_	_
generally	O	_	O	_	_	O	_	_	_
supposed	O	_	O	_	_	O	_	_	NoSpaceAfter
.	O	_	O	_	_	O	_	_	EndOfSentence
The	O	_	O	_	_	O	_	_	_
list	O	_	O	_	_	O	_	_	_
of	O	_	O	_	_	O	_	_	_
errors	O	_	O	_	_	O	_	_	_
common	O	_	O	_	_	O	_	_	_
to	O	_	O	_	_	O	_	_	_
Ὁ	O	_	O	_	_	O	_	_	_
and	O	_	O	_	_	O	_	_	_
A	O	_	O	_	_	O	_	_	_
(	O	_	O	_	_	O	_	_	NoSpaceAfter
or	O	_	O	_	_	O	_	_	_
it	O	_	O	_	_	O	_	_	_
may	O	_	O	_	_	O	_	_	_
perhaps	O	_	O	_	_	O	_	_	_
be	O	_	O	_	_	O	_	_	_
said	O	_	O	_	_	O	_	_	NoSpaceAfter
,	O	_	O	_	_	O	_	_	_
the	O	_	O	_	_	O	_	_	_
entire	O	_	O	_	_	O	_	_	NoSpaceAfter
.	O	_	O	_	_	O	_	_	_
number	O	_	O	_	_	O	_	_	_
of	O	_	O	_	_	O	_	_	_
errors	O	_	O	_	_	O	_	_	_
occurring	O	_	O	_	_	O	_	_	_
in	O	_	O	_	_	O	_	_	_
O	O	_	O	_	_	O	_	_	NoSpaceAfter
)	O	_	O	_	_	O	_	_	_
is	O	_	O	_	_	O	_	_	_
seen	O	_	O	_	_	O	_	_	_
to	O	_	O	_	_	O	_	_	_
be	O	_	O	_	_	O	_	_	_
not	O	_	O	_	_	O	_	_	_
larger	O	_	O	_	_	O	_	_	_
than	O	_	O	_	_	O	_	_	_
that	O	_	O	_	_	O	_	_	_
of	O	_	O	_	_	O	_	_	_
errors	O	_	O	_	_	O	_	_	_
occurring	O	_	O	_	_	O	_	_	_
in	O	_	O	_	_	O	_	_	_
L	O	_	O	_	_	O	_	_	NoSpaceAfter
.	O	_	O	_	_	O	_	_	_
Ο	O	_	O	_	_	O	_	_	_
is	O	_	O	_	_	O	_	_	NoSpaceAfter
,	O	_	O	_	_	O	_	_	_
I	O	_	O	_	_	O	_	_	_
believe	O	_	O	_	_	O	_	_	NoSpaceAfter
,	O	_	O	_	_	O	_	_	_
one	O	_	O	_	_	O	_	_	_
of	O	_	O	_	_	O	_	_	_
the	O	_	O	_	_	O	_	_	_
most	O	_	O	_	_	O	_	_	_
correct	O	_	O	_	_	O	_	_	_
MSS	O	_	O	_	_	O	_	_	NoSpaceAfter
.	O	_	O	_	_	O	_	_	_
of	O	_	O	_	_	O	_	_	_
Sophocles	B-pers	_	B-pers.author	_	_	O	Q11950683	_	NoSpaceAfter|LED0.00
,	O	_	O	_	_	O	_	_	EndOfSentence
iii	O	_	O	_	_	O	_	_	NoSpaceAfter
.	O	_	O	_	_	O	_	_	_
This	O	_	O	_	_	O	_	_	_
MS	O	_	O	_	_	O	_	_	NoSpaceAfter
.	O	_	O	_	_	O	_	_	_
belongs	O	_	O	_	_	O	_	_	_
to	O	_	O	_	_	O	_	_	_
the	O	_	O	_	_	O	_	_	_
fourteenth	B-date	_	B-date	_	_	O	_	_	LED0.00
century	I-date	_	I-date	_	_	O	_	_	NoSpaceAfter|LED0.00
,	O	_	O	_	_	O	_	_	_
but	O	_	O	_	_	O	_	_	_
its	O	_	O	_	_	O	_	_	_
text	O	_	O	_	_	O	_	_	_
is	O	_	O	_	_	O	_	_	_
exceedingly	O	_	O	_	_	O	_	_	_
pure	O	_	O	_	_	O	_	_	NoSpaceAfter
.	O	_	O	_	_	O	_	_	EndOfSentence
It	O	_	O	_	_	O	_	_	_
shows	O	_	O	_	_	O	_	_	_
no	O	_	O	_	_	O	_	_	_
trace	O	_	O	_	_	O	_	_	_
whatever	O	_	O	_	_	O	_	_	_
of	O	_	O	_	_	O	_	_	_
mixed	O	_	O	_	_	O	_	_	_
readings	O	_	O	_	_	O	_	_	NoSpaceAfter
,	O	_	O	_	_	O	_	_	_
nor	O	_	O	_	_	O	_	_	_
yet	O	_	O	_	_	O	_	_	_
of	O	_	O	_	_	O	_	_	_
a	O	_	O	_	_	O	_	_	_
corrector	O	_	O	_	_	O	_	_	NoSpaceAfter
’	O	_	O	_	_	O	_	_	NoSpaceAfter
s	O	_	O	_	_	O	_	_	_
hand	O	_	O	_	_	O	_	_	NoSpaceAfter
,	O	_	O	_	_	O	_	_	_
apart	O	_	O	_	_	O	_	_	_
from	O	_	O	_	_	O	_	_	_
the	O	_	O	_	_	O	_	_	_
old	O	_	O	_	_	O	_	_	_
errors	O	_	O	_	_	O	_	_	_
which	O	_	O	_	_	O	_	_	_
it	O	_	O	_	_	O	_	_	_
shares	O	_	O	_	_	O	_	_	_
with	O	_	O	_	_	O	_	_	_
A	O	_	O	_	_	O	_	_	NoSpaceAfter
.	O	_	O	_	_	O	_	_	EndOfSentence